{"val/accuracy_reward":0.438,"val/format_reward":0.906,"_wandb":{"runtime":18},"_runtime":18.256187833,"_timestamp":1.7756282045344584e+09,"_step":0,"val/reward_score":0.48479995131492615,"val/overall_reward":0.48479999999999995}